{"chunk_definitions":[{"row":12,"row_count":1,"visible":true,"expansion_state":0,"options":{"engine":"r","label":"setup","include":false},"document_id":"6046462B","chunk_id":"csetup_chunk","chunk_label":"setup"},{"row":32,"row_count":1,"visible":true,"expansion_state":0,"options":{"engine":"r","label":"giri�","echo":true},"document_id":"6046462B","chunk_id":"cwka033igv9wx","chunk_label":"giriş"},{"row":286,"row_count":1,"visible":true,"expansion_state":0,"options":{"engine":"r","label":"unnamed-chunk-61"},"document_id":"6046462B","chunk_id":"cdcpbrlb6l25r","chunk_label":"unnamed-chunk-13"}],"doc_write_time":1639075883,"working_dir":null,"default_chunk_options":{"echo":true}}